,Accuracy,Embed
0,0.5049857464185621,PCA 50D
1,0.5042640460925941,PCA 50D
2,0.5047211229657073,PCA 50D
3,0.5375464594584842,PCA 100D
4,0.539338681934638,PCA 100D
5,0.5410226493618966,PCA 100D
6,0.4026847252126009,PCA UMAP Sup.
7,0.3842212252065867,PCA UMAP
8,0.43283977049929634,PCA t-SNE
9,0.4057880366142632,PCA UMAP Sup.
10,0.38532783237307094,PCA UMAP
11,0.43253906203014303,PCA t-SNE
12,0.40453708938258537,PCA UMAP Sup.
13,0.3871320831879909,PCA UMAP
14,0.4326834020953366,PCA t-SNE
